CREATE TABLE customer_info(
cid character(6) NOT NULL,
[name] character varying(20) NOT NULL,
address character varying(100),
tel character varying(20),
bday date NOT NULL,
sid character(14) NOT NULL,
job character varying(20),
sex character(1) NOT NULL,
married character(1),
CONSTRAINT pk PRIMARY KEY(cid)
) COLLATE utf8_bin  REUSE_OID ;


INSERT INTO
	customer_info (
		cid,
		[name],
		address,
		tel,
		bday,
		sid,
		job,
		sex,
		married
	)
VALUES
('100001','김민주','서울시 광진구','423-8627','1975-07-01','750701-2534218','공무원','1','0'),
('100002','정영미','경기도 수원시','321-4568','1977-02-01','770201-2834721','회사원','1','1'),
('100003','최소영','제주도 서귀포시','624-2172','1980-01-25','800125-2432712','학생','1','0'),
('100004','박진재','강원도 속초시','543-9467','1960-05-02','600502-1645394','공무원','0','1'),
('100005','이순석','충남 보령시','254-9124','1982-06-01','820601-1543714','회사원','0','0'),
('100006','박선희','서울시 강남구','459-2187','1975-04-05','801220-2487416','회사원','1','0'),
('100007','김화연','경남 경주시','284-8147','1980-01-04','790221-2482217','학생','1','0'),
('100008','박민선','부산시 해운대구','347-9124','1985-04-04','850527-2123827','학생','1','0'),
('100009','노상수','전북 군산시','547-2984','1981-01-30','741025-1441282','공무원','0','1'),
('100010','이민석','경기도 수원시','354-2723','1972-08-02','720802-1481395','회사원','0','1'),
('100011','정영미','서울시 관악구','272-6745','1974-09-21','740921-2782216','주부','1','1');

CREATE TABLE customer_onlineinfo(
cid character(6) NOT NULL,
lid character varying(20) NOT NULL,
lpw character varying(20) NOT NULL,
email character varying(20),
jday date NOT NULL,
CONSTRAINT pk PRIMARY KEY(cid),
 CONSTRAINT  customerinfo_customeronlineinfo FOREIGN KEY (cid) REFERENCES customer_info(cid) ON DELETE CASCADE ON UPDATE RESTRICT
) COLLATE utf8_bin  REUSE_OID ;

INSERT INTO
	customer_onlineinfo (
		cid,
		lid,
		lpw,
		email,
		jday
	)
VALUES
('100001','champ','cham999','cham@hotmail.net','1911-02-01'),
('100002','gimme','sweet','sweet@hotmail.net','1911-03-04'),
('100003','mac001','pluto','mac@hotmail.net','1910-04-01'),
('100005','black','white007','bnw007@hotmail.net','1911-01-01'),
('100006','soyoung','soso',NULL,'1910-02-09'),
('100008','jini','movie','jini@hotmail.net','1911-07-13'),
('100009','const','nohigh','sangsu@hotmail.net','1910-11-08');

CREATE TABLE region(
rid NUMERIC NOT NULL,
lregion VARCHAR(20) COLLATE utf8_bin  NOT NULL,
sregion VARCHAR(20) COLLATE utf8_bin  NOT NULL,
CONSTRAINT pk PRIMARY KEY(rid)
) COLLATE utf8_bin  REUSE_OID ;

INSERT INTO
	region (
		rid,
		lregion,
		sregion
	)
VALUES
(1,'서울','영등포'),
(2,'서울','광진'),
(3,'서울','여의도'),
(4,'서울','이태원'),
(5,'서울','노량진'),
(6,'경기','수원'),
(7,'경기','안양'),
(8,'경기','용인'),
(9,'경기','분당'),
(10,'강원','원주'),
(11,'강원','태백'),
(12,'강원','강릉');

CREATE TABLE product(
pid NUMERIC NOT NULL,
[name] VARCHAR(20) COLLATE utf8_bin  NOT NULL,
cor VARCHAR(20) COLLATE utf8_bin  NOT NULL,
unitprice NUMERIC NOT NULL,
holding NUMERIC NOT NULL,
photo VARCHAR(20) COLLATE utf8_bin ,
CONSTRAINT pk PRIMARY KEY(pid)
) COLLATE utf8_bin  REUSE_OID ;

INSERT INTO
	product (
		pid,
		[name],
		cor,
		unitprice,
		holding,
		photo
	)
VALUES
(1210,'KENOX','B',20,2,'camera.jpg'),
(1220,'AnyCall','C',15,4,'handphone.jpg'),
(1230,'SingSing','D',80,2,NULL),
(1240,'다맛','D',50,3,NULL),
(1250,'카오스','E',60,1,NULL),
(3010,'PentiumⅢ 800','A',200,2,'notebook1.jpg');

CREATE TABLE store(
sid NUMERIC NOT NULL,
[name] VARCHAR(20) COLLATE utf8_bin  NOT NULL,
rid NUMERIC,
CONSTRAINT pk PRIMARY KEY(sid),
 FOREIGN KEY (rid) REFERENCES region(rid) ON DELETE CASCADE ON UPDATE RESTRICT
) COLLATE utf8_bin  REUSE_OID ;

INSERT INTO
	STORE (
		sid,
		[name],
		rid
	)
VALUES
(211,'영등포점',1),
(212,'광진점',2),
(213,'여의도점',3),
(214,'이태원점',4),
(215,'노량진점',5),
(311,'수원점',6),
(312,'안양점',7),
(313,'용인점',8),
(314,'분당점',9),
(411,'원주점',10),
(412,'태백점',11),
(413,'강릉점',12);

CREATE TABLE sales(
saleid NUMERIC NOT NULL,
pid NUMERIC(15,0),
sid NUMERIC(15,0),
cid CHAR(6) COLLATE utf8_bin ,
sday DATE,
CONSTRAINT pk PRIMARY KEY(saleid),
 FOREIGN KEY (cid) REFERENCES customer_info(cid) ON DELETE CASCADE ON UPDATE RESTRICT,
 FOREIGN KEY (pid) REFERENCES product(pid) ON DELETE CASCADE ON UPDATE RESTRICT,
 FOREIGN KEY (sid) REFERENCES store(sid) ON DELETE CASCADE ON UPDATE RESTRICT
) COLLATE utf8_bin  REUSE_OID ;

INSERT INTO
	sales (
		saleid,
		pid,
		sid,
		cid,
		sday
	)
VALUES
(1,1240,211,'100001','1912-05-27'),
(2,1220,211,'100001','1912-04-04'),
(3,1230,211,'100006','1912-03-24'),
(4,1240,211,'100002','1912-02-21'),
(5,1250,211,'100006','1912-03-14'),
(6,3010,211,'100011','1912-05-16'),
(7,1210,211,'100010','1912-02-24'),
(8,1240,211,'100002','1912-01-25'),
(9,1230,211,'100010','1912-10-14'),
(10,1240,211,'100002','1912-11-16'),
(11,1240,211,'100010','1912-12-04'),
(12,3010,211,'100011','1912-02-24'),
(13,1210,211,'100004','1912-05-21'),
(14,1220,211,'100002','1912-08-14'),
(15,1230,211,'100009','1912-09-16'),
(16,1240,211,'100002','1912-11-24'),
(17,1250,211,'100009','1912-12-25'),
(18,3010,211,'100002','1912-08-14'),
(19,1210,211,'100010','1912-07-16'),
(20,1240,211,'100011','1912-05-24'),
(21,1230,211,'100004','1912-03-18'),
(22,1240,211,'100010','1912-01-28'),
(23,1240,211,'100011','1912-02-27'),
(24,3010,211,'100004','1912-04-04'),
(25,1210,211,'100001','1912-05-14'),
(26,1220,211,'100003','1912-07-16'),
(27,1230,211,'100001','1912-05-24'),
(28,1240,211,'100001','1912-04-01'),
(29,1250,211,'100003','1912-03-14'),
(30,3010,211,'100001','1912-02-16'),
(31,1210,211,'100001','1912-03-24'),
(32,1240,211,'100003','1912-05-05'),
(33,1230,211,'100001','1912-02-28'),
(34,1240,211,'100002','1912-01-27'),
(35,1240,211,'100009','1912-10-04'),
(36,3010,211,'100002','1912-11-24'),
(37,1210,211,'100009','1912-12-21'),
(38,1220,211,'100002','1912-02-14'),
(39,1230,211,'100009','1912-05-16'),
(40,1240,211,'100002','1912-08-24'),
(41,1250,211,'100009','1913-09-25'),
(42,3010,211,'100002','1913-11-14'),
(43,1210,211,'100010','1913-12-16'),
(44,1240,211,'100011','1913-08-04'),
(45,1230,211,'100004','1913-07-24'),
(46,1240,211,'100010','1913-05-21'),
(47,1240,211,'100011','1913-03-14'),
(48,3010,211,'100004','1913-01-16'),
(49,3010,211,'100007','1913-02-24'),
(50,1210,211,'100001','1913-04-25'),
(51,1240,211,'100002','1913-05-14'),
(52,1230,211,'100005','1913-07-16'),
(53,1240,211,'100006','1913-05-24'),
(54,1210,211,'100001','1913-04-18'),
(55,1220,211,'100003','1913-03-28'),
(56,1230,211,'100001','1913-02-27'),
(57,1240,211,'100003','1913-03-04'),
(58,1250,211,'100001','1913-05-14'),
(59,3010,211,'100003','1913-02-16'),
(60,1210,211,'100001','1913-01-24'),
(61,1240,211,'100003','1913-10-01'),
(62,1230,211,'100001','1913-11-14'),
(63,1240,211,'100003','1913-12-16'),
(64,1240,211,'100001','1913-02-24'),
(65,3010,211,'100001','1913-05-05'),
(66,1210,211,'100003','1913-08-28'),
(67,1220,211,'100001','1913-09-09'),
(68,3010,211,'100001','1913-11-04'),
(69,1210,211,'100003','1913-12-27'),
(70,1240,211,'100001','1913-08-04'),
(71,1230,211,'100002','1913-07-24'),
(72,1240,211,'100010','1913-05-21'),
(73,1240,211,'100011','1913-03-14'),
(74,3010,211,'100004','1913-01-16'),
(75,3010,211,'100002','1913-02-24'),
(76,1210,211,'100009','1913-04-25'),
(77,1240,211,'100002','1913-05-14'),
(78,1230,211,'100009','1913-07-16'),
(79,1240,211,'100002','1913-05-04'),
(80,1210,212,'100010','1913-04-24'),
(81,1220,212,'100011','1913-03-21'),
(82,1230,212,'100004','1913-02-14'),
(83,1240,212,'100010','1913-03-16'),
(84,1230,212,'100011','1913-05-24'),
(85,1240,212,'100004','1913-02-25'),
(86,1240,212,'100001','1913-01-14'),
(87,3010,212,'100003','1913-10-16'),
(88,1210,212,'100001','1913-11-24'),
(89,1220,212,'100001','1913-12-18'),
(90,1230,212,'100003','1913-02-28'),
(91,1240,212,'100001','1913-05-27'),
(92,1250,212,'100001','1913-08-27'),
(93,3010,212,'100003','1913-09-04'),
(94,1210,212,'100001','1913-11-14'),
(95,1240,212,'100002','1913-12-16'),
(96,1230,212,'100009','1912-08-24'),
(97,1240,212,'100002','1912-07-01'),
(98,1240,212,'100009','1912-05-14'),
(99,3010,212,'100002','1912-03-16'),
(100,1210,212,'100009','1912-01-24'),
(101,1220,212,'100002','1912-02-05'),
(102,1230,212,'100009','1912-04-28'),
(103,1240,212,'100002','1912-05-09'),
(104,1250,212,'100010','1912-05-04'),
(105,3010,212,'100011','1912-04-27'),
(106,1210,212,'100004','1912-03-04'),
(107,1240,212,'100010','1912-02-24'),
(108,1230,212,'100011','1912-03-21'),
(109,1240,212,'100004','1912-05-14'),
(110,1240,212,'100007','1912-02-16'),
(111,3010,212,'100001','1912-01-24'),
(112,1210,212,'100002','1912-10-25'),
(113,1220,212,'100005','1912-11-14'),
(114,1230,212,'100006','1912-12-16'),
(115,1240,212,'100001','1912-02-04'),
(116,1250,212,'100003','1912-05-24'),
(117,3010,212,'100001','1912-08-21'),
(118,1210,212,'100003','1913-09-14'),
(119,1240,212,'100001','1913-11-16'),
(120,1230,212,'100003','1913-12-24'),
(121,1240,212,'100001','1913-08-25'),
(122,1240,212,'100003','1913-07-14'),
(123,3010,212,'100001','1913-05-16'),
(124,1210,212,'100003','1913-03-24'),
(125,1240,212,'100001','1913-01-18'),
(126,1230,212,'100001','1913-02-28'),
(127,1240,212,'100003','1913-04-27'),
(128,1210,212,'100001','1913-05-04'),
(129,1240,212,'100001','1913-07-25'),
(130,1250,212,'100003','1913-05-14'),
(131,3010,212,'100001','1913-04-16'),
(132,1210,212,'100002','1913-03-04'),
(133,1240,212,'100010','1913-02-24'),
(134,1230,212,'100011','1913-03-21'),
(135,1240,212,'100004','1913-05-14'),
(136,1240,212,'100002','1913-02-16'),
(137,1220,212,'100009','1913-01-24'),
(138,3010,212,'100002','1913-10-25'),
(139,1210,212,'100009','1913-11-14'),
(140,1240,212,'100002','1913-12-16'),
(141,1230,212,'100010','1913-02-24'),
(142,1240,212,'100011','1913-05-18'),
(143,1240,212,'100004','1913-08-28'),
(144,3010,212,'100010','1913-09-27'),
(145,3010,212,'100011','1913-11-27'),
(146,1210,212,'100004','1913-12-04'),
(147,1240,212,'100001','1913-08-14'),
(148,1230,212,'100003','1913-07-16'),
(149,1240,212,'100001','1913-05-24'),
(150,1210,213,'100001','1913-03-01'),
(151,1220,213,'100003','1913-01-14'),
(152,1230,213,'100001','1913-02-16'),
(153,1240,213,'100001','1913-04-24'),
(154,1250,213,'100003','1913-05-05'),
(155,3010,213,'100001','1913-07-28'),
(156,1210,213,'100002','1913-05-09'),
(157,1240,213,'100009','1913-04-04'),
(158,1230,213,'100002','1913-03-27'),
(159,1240,213,'100009','1913-02-04'),
(160,1240,213,'100002','1913-03-24'),
(161,3010,213,'100009','1913-05-21'),
(162,1210,213,'100002','1913-02-14'),
(163,1220,213,'100009','1913-01-16'),
(164,1230,213,'100002','1913-10-25'),
(165,1240,213,'100010','1913-11-14'),
(166,1250,213,'100011','1913-12-16'),
(167,3010,213,'100004','1913-02-04'),
(168,1210,213,'100010','1913-05-24'),
(169,1240,213,'100011','1913-08-21'),
(170,1230,213,'100004','1913-09-14'),
(171,1240,213,'100007','1913-11-16'),
(172,1240,213,'100001','1913-12-24'),
(173,3010,213,'100002','1913-08-25'),
(174,1210,213,'100005','1913-07-14'),
(175,1220,213,'100006','1912-05-16'),
(176,1230,213,'100001','1912-03-24'),
(177,1240,213,'100003','1912-01-18'),
(178,1250,213,'100001','1912-02-28'),
(179,1220,213,'100003','1912-04-27'),
(180,1230,213,'100001','1912-05-27'),
(181,1240,213,'100003','1912-07-04'),
(182,1250,213,'100001','1912-05-14'),
(183,3010,213,'100003','1912-04-16'),
(184,1210,213,'100001','1912-03-24'),
(185,1240,213,'100003','1912-02-01'),
(186,1230,213,'100001','1912-03-14'),
(187,1240,213,'100001','1912-05-16'),
(188,1240,213,'100003','1912-02-24'),
(189,3010,213,'100001','1912-01-05'),
(190,3010,213,'100001','1912-10-28'),
(191,1210,213,'100003','1912-11-09'),
(192,1240,213,'100001','1912-12-04'),
(193,1230,213,'100002','1912-02-27'),
(194,1240,213,'100010','1912-05-04'),
(195,1210,213,'100011','1912-08-25'),
(196,1220,213,'100004','1912-09-14'),
(197,1230,213,'100002','1913-11-16'),
(198,1240,213,'100009','1913-12-04'),
(199,1250,213,'100002','1913-08-24'),
(200,3010,213,'100009','1913-07-21'),
(201,1210,213,'100002','1913-05-14'),
(202,1240,213,'100010','1913-03-16'),
(203,1230,213,'100011','1913-01-24'),
(204,1240,213,'100004','1913-02-25'),
(205,1240,213,'100010','1913-04-14'),
(206,3010,213,'100011','1913-05-16'),
(207,1210,213,'100004','1913-07-24'),
(208,1220,213,'100001','1913-05-18'),
(209,3010,213,'100003','1913-04-28'),
(210,1210,213,'100001','1913-03-27'),
(211,1240,213,'100001','1913-02-27'),
(212,1230,213,'100003','1913-03-04'),
(213,1240,213,'100001','1913-05-14'),
(214,1240,213,'100001','1913-02-16'),
(215,3010,213,'100003','1913-01-24'),
(216,3010,213,'100001','1913-10-01'),
(217,1210,213,'100002','1913-11-14'),
(218,1240,213,'100009','1913-12-16'),
(219,1230,213,'100002','1913-02-24'),
(220,1240,213,'100009','1913-05-05'),
(221,1210,214,'100002','1913-08-28'),
(222,1220,214,'100009','1913-09-09'),
(223,1230,214,'100002','1913-11-04'),
(224,1240,214,'100009','1913-12-27'),
(225,1240,214,'100002','1913-08-04'),
(226,3010,214,'100010','1913-07-24'),
(227,1210,214,'100011','1913-05-21'),
(228,1220,214,'100004','1913-03-25'),
(229,1230,214,'100010','1913-01-14'),
(230,1240,214,'100011','1913-02-16'),
(231,1250,214,'100004','1913-04-04'),
(232,3010,214,'100007','1913-05-24'),
(233,1210,214,'100001','1913-07-21'),
(234,1240,214,'100002','1913-05-14'),
(235,1230,214,'100005','1913-04-16'),
(236,1240,214,'100006','1913-03-24'),
(237,1240,214,'100001','1913-02-25'),
(238,3010,214,'100003','1913-03-14'),
(239,1210,214,'100001','1913-05-16'),
(240,1220,214,'100003','1913-02-24'),
(241,1230,214,'100001','1913-01-18'),
(242,1240,214,'100003','1913-10-28'),
(243,1250,214,'100001','1913-11-27'),
(244,3010,214,'100003','1913-12-27'),
(245,1210,214,'100001','1913-02-04'),
(246,1240,214,'100003','1913-05-14'),
(247,1230,214,'100001','1913-08-16'),
(248,1240,214,'100001','1913-09-24'),
(249,1240,214,'100003','1913-11-01'),
(250,3010,214,'100001','1913-12-14'),
(251,1210,214,'100001','1913-08-16'),
(252,1220,214,'100003','1913-07-24'),
(253,1230,214,'100001','1913-05-05'),
(254,1240,214,'100002','1912-03-28'),
(255,1250,214,'100010','1912-01-09'),
(256,3010,214,'100011','1912-02-04'),
(257,1210,214,'100004','1912-04-27'),
(258,1240,214,'100002','1912-05-04'),
(259,1230,214,'100009','1912-07-24'),
(260,1240,214,'100002','1912-05-21'),
(261,1240,214,'100009','1912-04-14'),
(262,3010,214,'100002','1912-03-16'),
(263,3010,214,'100010','1912-02-25'),
(264,1210,214,'100011','1912-03-14'),
(265,1240,214,'100004','1912-05-16'),
(266,1230,214,'100010','1912-02-04'),
(267,1240,214,'100011','1912-01-24'),
(268,1210,214,'100004','1912-10-21'),
(269,1220,214,'100001','1912-11-14'),
(270,1230,214,'100003','1912-12-16'),
(271,1240,214,'100001','1912-02-24'),
(272,1250,214,'100001','1912-05-25'),
(273,3010,214,'100003','1912-08-14'),
(274,1210,214,'100001','1912-09-16'),
(275,1240,214,'100001','1912-11-24'),
(276,1230,214,'100003','1913-12-18'),
(277,1240,214,'100001','1913-08-28'),
(278,1220,214,'100002','1913-07-27'),
(279,3010,214,'100009','1913-05-27'),
(280,1210,214,'100002','1913-03-04'),
(281,1240,214,'100009','1913-01-14'),
(282,1230,214,'100002','1913-02-16'),
(283,1240,214,'100009','1913-04-24'),
(284,1240,214,'100002','1913-05-01'),
(285,3010,214,'100009','1913-07-14'),
(286,3010,214,'100002','1913-05-16'),
(287,1210,214,'100010','1913-04-24'),
(288,1240,214,'100011','1913-03-05'),
(289,1230,214,'100004','1913-02-28'),
(290,1240,214,'100010','1913-03-09'),
(291,1210,215,'100011','1913-05-04'),
(292,1220,215,'100004','1913-02-27'),
(293,1230,215,'100007','1913-01-04'),
(294,1210,215,'100001','1913-10-24'),
(295,1240,215,'100002','1913-11-21'),
(296,1230,215,'100005','1913-12-14'),
(297,1240,215,'100006','1913-02-25'),
(298,1240,215,'100001','1913-05-14'),
(299,3010,215,'100003','1913-08-16'),
(300,1210,215,'100001','1913-09-04'),
(301,1220,215,'100003','1913-11-24'),
(302,1230,215,'100001','1913-12-21'),
(303,1240,215,'100003','1913-08-14'),
(304,1250,215,'100001','1913-07-16'),
(305,3010,215,'100003','1913-05-24'),
(306,1210,215,'100001','1913-03-25'),
(307,1240,215,'100003','1913-01-14'),
(308,1230,215,'100001','1913-02-16'),
(309,1240,215,'100001','1913-04-24'),
(310,1240,215,'100003','1913-05-18'),
(311,3010,215,'100001','1913-07-28'),
(312,1210,215,'100001','1913-05-27'),
(313,1220,215,'100003','1913-04-27'),
(314,1230,215,'100001','1913-03-04'),
(315,1240,215,'100002','1913-02-14'),
(316,1250,215,'100010','1913-03-16'),
(317,3010,215,'100011','1913-05-24'),
(318,1210,215,'100004','1913-02-01'),
(319,1240,215,'100002','1913-01-14'),
(320,1230,215,'100009','1913-10-16'),
(321,1240,215,'100002','1913-11-24'),
(322,1240,215,'100009','1913-12-05'),
(323,3010,215,'100002','1913-02-28'),
(324,1210,215,'100010','1913-05-09'),
(325,1220,215,'100011','1913-08-04'),
(326,1240,215,'100004','1913-09-27'),
(327,1250,215,'100010','1913-11-04'),
(328,3010,215,'100011','1913-12-24'),
(329,1210,215,'100004','1913-08-21'),
(330,1240,215,'100001','1913-07-14'),
(331,1230,215,'100003','1913-05-16'),
(332,1240,215,'100001','1913-03-25'),
(333,1240,215,'100001','1912-01-14'),
(334,3010,215,'100003','1912-02-16'),
(335,3010,215,'100001','1912-04-04'),
(336,1210,215,'100001','1912-05-24'),
(337,1240,215,'100003','1912-07-21'),
(338,1230,215,'100001','1912-05-14'),
(339,1240,215,'100002','1912-04-16'),
(340,1240,215,'100009','1912-03-24'),
(341,1250,215,'100002','1912-02-25'),
(342,3010,215,'100009','1912-03-14'),
(343,1210,215,'100002','1912-05-16'),
(344,1240,215,'100009','1912-02-24'),
(345,1230,215,'100002','1912-01-18'),
(346,1240,215,'100009','1912-10-28'),
(347,1240,215,'100002','1912-11-27'),
(348,3010,215,'100010','1912-12-27'),
(349,1210,215,'100011','1912-02-04'),
(350,1220,215,'100004','1912-05-14'),
(351,3010,215,'100010','1912-08-16'),
(352,1210,215,'100011','1912-09-24'),
(353,1240,215,'100004','1912-11-01'),
(354,1230,215,'100007','1912-12-14'),
(355,1240,215,'100001','1913-08-16'),
(356,1240,215,'100002','1913-07-24'),
(357,3010,215,'100005','1913-05-05'),
(358,3010,215,'100006','1913-03-28'),
(359,1210,215,'100001','1913-01-09'),
(360,1240,215,'100003','1913-02-04'),
(361,1230,215,'100001','1913-04-27'),
(362,1240,215,'100003','1913-05-04'),
(363,1210,311,'100001','1913-07-24'),
(364,1220,311,'100003','1913-05-21'),
(365,1230,311,'100001','1913-04-14'),
(366,1240,311,'100003','1913-03-25'),
(367,1250,311,'100001','1913-02-14'),
(368,3010,311,'100003','1913-03-16'),
(369,1240,311,'100001','1913-05-04'),
(370,1230,311,'100001','1913-02-24'),
(371,1240,311,'100003','1913-01-21'),
(372,1240,311,'100001','1913-10-14'),
(373,3010,311,'100001','1913-11-16'),
(374,1210,311,'100003','1913-12-24'),
(375,1220,311,'100001','1913-02-25'),
(376,1230,311,'100002','1913-05-14'),
(377,1240,311,'100010','1913-08-16'),
(378,1250,311,'100011','1913-09-24'),
(379,3010,311,'100004','1913-11-18'),
(380,1210,311,'100002','1913-12-28'),
(381,1240,311,'100009','1913-08-27'),
(382,1230,311,'100002','1913-07-27'),
(383,1240,311,'100009','1913-05-04'),
(384,1240,311,'100002','1913-03-14'),
(385,3010,311,'100010','1913-01-16'),
(386,1210,311,'100011','1913-02-24'),
(387,1220,311,'100004','1913-04-01'),
(388,1230,311,'100010','1913-05-14'),
(389,1240,311,'100011','1913-07-16'),
(390,1250,311,'100004','1913-05-24'),
(391,3010,311,'100001','1913-04-05'),
(392,1210,311,'100003','1913-03-28'),
(393,1240,311,'100001','1913-02-09'),
(394,1230,311,'100001','1913-03-04'),
(395,1240,311,'100003','1913-05-27'),
(396,1240,311,'100001','1913-02-04'),
(397,3010,311,'100001','1913-01-24'),
(398,1240,311,'100003','1913-10-21'),
(399,1210,311,'100001','1913-11-14'),
(400,1220,311,'100002','1913-12-25'),
(401,1230,311,'100009','1913-02-14'),
(402,1240,311,'100002','1913-05-16'),
(403,1250,311,'100009','1913-08-04'),
(404,3010,311,'100002','1913-09-24'),
(405,1210,311,'100009','1913-11-21'),
(406,1240,311,'100002','1913-12-14'),
(407,1230,311,'100009','1913-08-16'),
(408,1240,311,'100002','1913-07-24'),
(409,1240,311,'100010','1913-05-25'),
(410,3010,311,'100011','1913-03-14'),
(411,1240,311,'100004','1913-01-16'),
(412,1240,311,'100010','1912-02-24'),
(413,3010,311,'100011','1912-04-18'),
(414,3010,311,'100004','1912-05-28'),
(415,1210,311,'100007','1912-07-27'),
(416,1240,311,'100001','1912-05-27'),
(417,1230,311,'100002','1912-04-04'),
(418,1240,311,'100005','1912-03-14'),
(419,1210,312,'100006','1912-02-16'),
(420,1230,312,'100001','1912-03-24'),
(421,1240,312,'100003','1912-05-01'),
(422,1250,312,'100001','1912-02-14'),
(423,3010,312,'100003','1912-01-16'),
(424,1210,312,'100001','1912-10-24'),
(425,1240,312,'100003','1912-11-05'),
(426,1230,312,'100001','1912-12-28'),
(427,1240,312,'100003','1912-02-09'),
(428,1240,312,'100001','1912-05-04'),
(429,3010,312,'100003','1912-08-27'),
(430,1210,312,'100001','1912-09-04'),
(431,1220,312,'100001','1912-11-24'),
(432,1230,312,'100003','1912-12-21'),
(433,1240,312,'100001','1912-08-14'),
(434,1250,312,'100001','1913-07-16'),
(435,3010,312,'100003','1913-05-25'),
(436,1210,312,'100001','1913-03-14'),
(437,1240,312,'100002','1913-01-16'),
(438,1230,312,'100010','1913-02-04'),
(439,1240,312,'100011','1913-04-24'),
(440,1240,312,'100004','1913-05-21'),
(441,3010,312,'100002','1913-07-14'),
(442,1210,312,'100009','1913-05-16'),
(443,1220,312,'100002','1913-04-24'),
(444,1230,312,'100009','1913-03-25'),
(445,1240,312,'100002','1913-02-14'),
(446,3010,312,'100010','1913-03-16'),
(447,3010,312,'100011','1913-05-24'),
(448,1210,312,'100004','1913-02-18'),
(449,1240,312,'100010','1913-01-28'),
(450,1230,312,'100011','1913-10-27'),
(451,1240,312,'100004','1913-11-27'),
(452,1210,312,'100001','1913-12-04'),
(453,1220,312,'100003','1913-02-14'),
(454,1230,312,'100001','1913-05-16'),
(455,1240,312,'100001','1913-08-24'),
(456,1250,312,'100003','1913-09-01'),
(457,3010,312,'100001','1913-11-14'),
(458,1210,312,'100001','1913-12-16'),
(459,1240,312,'100003','1913-08-24'),
(460,1230,312,'100001','1913-07-05'),
(461,1240,312,'100002','1913-05-28'),
(462,1240,312,'100009','1913-03-09'),
(463,3010,312,'100002','1913-01-04'),
(464,1210,312,'100009','1913-02-27'),
(465,1220,312,'100002','1913-04-04'),
(466,3010,312,'100009','1913-05-24'),
(467,3010,312,'100002','1913-07-21'),
(468,1210,312,'100009','1913-05-14'),
(469,1240,312,'100002','1913-04-16'),
(470,1230,312,'100010','1913-03-24'),
(471,1240,312,'100011','1913-02-25'),
(472,1210,313,'100004','1913-03-14'),
(473,1220,313,'100010','1913-05-16'),
(474,1230,313,'100011','1913-02-04'),
(475,1240,313,'100004','1913-01-24'),
(476,1250,313,'100007','1913-10-21'),
(477,3010,313,'100001','1913-11-14'),
(478,1250,313,'100002','1913-12-16'),
(479,3010,313,'100005','1913-02-24'),
(480,1210,313,'100006','1913-05-25'),
(481,1240,313,'100001','1913-08-14'),
(482,1230,313,'100003','1913-09-16'),
(483,1240,313,'100001','1913-11-24'),
(484,1240,313,'100003','1913-12-18'),
(485,3010,313,'100001','1913-08-28'),
(486,1210,313,'100003','1913-07-27'),
(487,1220,313,'100001','1913-05-27'),
(488,1230,313,'100003','1913-03-04'),
(489,1240,313,'100001','1913-01-14'),
(490,1250,313,'100003','1913-02-16'),
(491,3010,313,'100001','1912-04-24'),
(492,1210,313,'100001','1912-05-01'),
(493,1240,313,'100003','1912-07-14'),
(494,1230,313,'100001','1912-05-16'),
(495,1240,313,'100001','1912-04-24'),
(496,1240,313,'100003','1912-03-05'),
(497,3010,313,'100001','1912-02-28'),
(498,1210,313,'100002','1912-03-09'),
(499,1220,313,'100010','1912-05-04'),
(500,1230,313,'100011','1912-02-27'),
(501,1240,313,'100004','1912-01-04'),
(502,1250,313,'100002','1912-10-24'),
(503,3010,313,'100009','1912-11-21'),
(504,1210,313,'100002','1912-12-25'),
(505,1240,313,'100009','1912-02-14'),
(506,1230,313,'100002','1912-05-16'),
(507,1240,313,'100010','1912-08-04'),
(508,1210,313,'100011','1912-09-24'),
(509,1220,313,'100004','1912-11-21'),
(510,1230,313,'100010','1912-12-14'),
(511,1240,313,'100011','1912-08-16'),
(512,1250,313,'100004','1912-07-24'),
(513,3010,313,'100001','1913-05-25'),
(514,1210,313,'100003','1913-03-14'),
(515,1240,313,'100001','1913-01-16'),
(516,1230,313,'100001','1913-02-24'),
(517,1240,313,'100003','1913-05-18'),
(518,1240,313,'100001','1913-04-28'),
(519,1240,313,'100001','1913-03-27'),
(520,1230,313,'100003','1913-02-27'),
(521,1240,313,'100001','1913-03-04'),
(522,1210,314,'100002','1913-05-14'),
(523,1220,314,'100009','1913-02-16'),
(524,1230,314,'100002','1913-01-24'),
(525,1240,314,'100009','1913-10-01'),
(526,1250,314,'100002','1913-11-14'),
(527,3010,314,'100009','1913-12-16'),
(528,1210,314,'100002','1913-02-24'),
(529,1240,314,'100009','1913-05-05'),
(530,1230,314,'100002','1913-08-28'),
(531,1240,314,'100010','1913-09-09'),
(532,1240,314,'100011','1913-11-04'),
(533,3010,314,'100004','1913-12-27'),
(534,1210,314,'100010','1913-08-04'),
(535,1220,314,'100011','1913-07-24'),
(536,1230,314,'100004','1913-05-21'),
(537,1240,314,'100007','1913-03-14'),
(538,1250,314,'100001','1913-01-16'),
(539,3010,314,'100002','1913-02-24'),
(540,1210,314,'100005','1913-04-25'),
(541,1240,314,'100006','1913-05-14'),
(542,1230,314,'100001','1913-07-16'),
(543,1240,314,'100003','1913-05-04'),
(544,1240,314,'100001','1913-04-24'),
(545,3010,314,'100003','1913-03-21'),
(546,1210,314,'100001','1913-02-14'),
(547,1220,314,'100003','1913-03-16'),
(548,1230,314,'100001','1913-05-24'),
(549,1240,314,'100003','1913-02-25'),
(550,1250,314,'100001','1913-01-14'),
(551,3010,314,'100003','1913-10-16'),
(552,1210,314,'100001','1913-11-24'),
(553,1240,314,'100001','1913-12-18'),
(554,1230,314,'100003','1913-02-28'),
(555,1240,314,'100001','1913-05-27'),
(556,1240,314,'100001','1913-08-27'),
(557,3010,314,'100003','1913-09-04'),
(558,1210,314,'100001','1913-11-14'),
(559,1220,314,'100002','1913-12-16'),
(560,1230,314,'100010','1913-08-24'),
(561,1210,314,'100011','1913-07-01'),
(562,1240,314,'100004','1913-05-14'),
(563,1230,314,'100002','1913-03-16'),
(564,1240,314,'100009','1913-01-24'),
(565,1210,314,'100002','1913-02-05'),
(566,1220,314,'100009','1913-04-28'),
(567,1230,314,'100002','1913-05-09'),
(568,1240,314,'100010','1913-07-04'),
(569,1250,314,'100011','1912-05-27'),
(570,3010,314,'100004','1912-04-04'),
(571,1210,314,'100010','1912-03-24'),
(572,1240,314,'100011','1912-02-21'),
(573,1230,314,'100004','1912-03-14'),
(574,3010,314,'100001','1912-05-16'),
(575,1210,314,'100003','1912-02-25'),
(576,1220,314,'100001','1912-01-14'),
(577,3010,314,'100001','1912-10-16'),
(578,1210,314,'100003','1912-11-04'),
(579,1240,314,'100001','1912-12-24'),
(580,1230,314,'100001','1912-02-21'),
(581,1240,314,'100003','1912-05-14'),
(582,1240,314,'100001','1912-08-16'),
(583,3010,314,'100002','1912-09-24'),
(584,3010,314,'100009','1912-11-25'),
(585,1210,314,'100002','1912-12-14'),
(586,1240,314,'100009','1912-08-16'),
(587,1230,314,'100002','1912-07-24'),
(588,1240,314,'100009','1912-05-18'),
(589,1210,411,'100002','1912-03-28'),
(590,1220,411,'100009','1912-01-27'),
(591,1230,411,'100002','1913-02-27'),
(592,1240,411,'100010','1913-04-04'),
(593,1250,411,'100011','1913-05-14'),
(594,3010,411,'100004','1913-07-16'),
(595,1210,411,'100010','1913-05-24'),
(596,1240,411,'100011','1913-04-01'),
(597,1230,411,'100004','1913-03-14'),
(598,1220,411,'100007','1913-02-16'),
(599,1230,411,'100001','1913-03-24'),
(600,1240,411,'100002','1913-05-05'),
(601,1250,411,'100005','1913-02-28'),
(602,3010,411,'100006','1913-01-09'),
(603,1210,411,'100001','1913-10-04'),
(604,1240,411,'100003','1913-11-27'),
(605,1240,411,'100001','1913-12-04'),
(606,1230,411,'100003','1913-02-24'),
(607,1240,411,'100001','1913-05-21'),
(608,1240,411,'100003','1913-08-14'),
(609,3010,411,'100001','1913-09-25'),
(610,3010,411,'100003','1913-11-14'),
(611,1210,411,'100001','1913-12-16'),
(612,1240,411,'100003','1913-08-04'),
(613,1230,411,'100001','1913-07-24'),
(614,1240,411,'100001','1913-05-21'),
(615,1210,411,'100003','1913-03-14'),
(616,1220,411,'100001','1913-01-16'),
(617,1230,411,'100001','1913-02-24'),
(618,1240,411,'100003','1913-04-25'),
(619,1250,411,'100001','1913-05-14'),
(620,3010,411,'100002','1913-07-16'),
(621,1210,411,'100010','1913-05-24'),
(622,1240,411,'100011','1913-04-18'),
(623,1230,411,'100004','1913-03-28'),
(624,1240,411,'100002','1913-02-27'),
(625,1240,411,'100009','1913-03-27'),
(626,3010,411,'100002','1913-05-04'),
(627,3010,411,'100009','1913-02-14'),
(628,1210,411,'100002','1913-01-16'),
(629,1240,411,'100010','1913-10-24'),
(630,1230,411,'100011','1913-11-01'),
(631,1240,411,'100004','1913-12-14'),
(632,1210,412,'100010','1913-02-16'),
(633,1220,412,'100011','1913-05-24'),
(634,1230,412,'100004','1913-08-05'),
(635,1210,412,'100001','1913-09-28'),
(636,1240,412,'100003','1913-11-09'),
(637,1230,412,'100001','1913-12-04'),
(638,1240,412,'100001','1913-08-27'),
(639,1240,412,'100003','1913-07-04'),
(640,3010,412,'100001','1913-05-24'),
(641,1210,412,'100001','1913-03-21'),
(642,1220,412,'100003','1913-01-14'),
(643,1230,412,'100001','1913-02-16'),
(644,1240,412,'100002','1913-04-24'),
(645,1250,412,'100009','1913-05-25'),
(646,3010,412,'100002','1913-07-14'),
(647,1210,412,'100009','1913-05-16'),
(648,1240,412,'100002','1912-04-04'),
(649,1230,412,'100009','1912-03-24'),
(650,1240,412,'100002','1912-02-21'),
(651,1240,412,'100009','1912-03-14'),
(652,3010,412,'100002','1912-05-16'),
(653,1240,412,'100010','1912-02-24'),
(654,1240,412,'100011','1912-01-25'),
(655,3010,412,'100004','1912-10-14'),
(656,3010,412,'100010','1912-11-16'),
(657,1210,412,'100011','1912-12-24'),
(658,1240,412,'100004','1912-02-18'),
(659,1230,412,'100007','1912-05-28'),
(660,1240,412,'100001','1912-08-27'),
(661,1210,412,'100002','1912-09-27'),
(662,1220,412,'100005','1912-11-04'),
(663,1230,412,'100006','1912-12-14'),
(664,1240,412,'100001','1912-08-16'),
(665,1250,412,'100003','1912-07-24'),
(666,3010,412,'100001','1912-05-01'),
(667,1220,412,'100003','1912-03-14'),
(668,3010,412,'100001','1912-01-16'),
(669,1210,412,'100003','1912-02-24'),
(670,1240,412,'100001','1913-04-05'),
(671,1230,412,'100003','1913-05-28'),
(672,1240,412,'100001','1913-07-09'),
(673,1240,412,'100003','1913-05-04'),
(674,3010,412,'100001','1913-04-27'),
(675,3010,412,'100001','1913-03-04'),
(676,1210,412,'100003','1913-02-24'),
(677,1240,412,'100001','1913-03-21'),
(678,1230,412,'100001','1913-05-14'),
(679,1240,412,'100003','1913-02-16'),
(680,1210,413,'100001','1913-01-24'),
(681,1220,413,'100002','1913-10-25'),
(682,1230,413,'100010','1913-11-14'),
(683,1240,413,'100011','1913-12-16'),
(684,3010,413,'100004','1913-02-04'),
(685,1210,413,'100002','1913-05-24'),
(686,1220,413,'100009','1913-08-21'),
(687,1230,413,'100002','1913-09-14'),
(688,1240,413,'100009','1913-11-16'),
(689,1250,413,'100002','1913-12-24'),
(690,3010,413,'100010','1913-08-25'),
(691,1210,413,'100011','1913-07-14'),
(692,1240,413,'100004','1913-05-16'),
(693,1230,413,'100010','1913-03-24'),
(694,1240,413,'100011','1913-01-18'),
(695,1240,413,'100004','1913-02-28'),
(696,3010,413,'100001','1913-04-27'),
(697,1210,413,'100003','1913-05-27'),
(698,1220,413,'100001','1913-07-04'),
(699,1230,413,'100001','1913-05-14'),
(700,1240,413,'100003','1913-04-16'),
(701,1250,413,'100001','1913-03-24'),
(702,3010,413,'100001','1913-02-01'),
(703,1210,413,'100003','1913-03-14'),
(704,1230,413,'100001','1913-05-16'),
(705,1240,413,'100002','1913-02-24'),
(706,1250,413,'100009','1913-01-05'),
(707,3010,413,'100002','1913-10-28'),
(708,1210,413,'100009','1913-11-09'),
(709,1240,413,'100002','1913-12-04'),
(710,1230,413,'100009','1913-02-27'),
(711,1240,413,'100002','1913-05-04'),
(712,1240,413,'100009','1913-08-24'),
(713,3010,413,'100002','1913-09-21'),
(714,3010,413,'100010','1913-11-14'),
(715,1210,413,'100011','1913-12-16'),
(716,1240,413,'100004','1913-08-24'),
(717,1230,413,'100010','1913-07-25'),
(718,1240,413,'100011','1913-05-14'),
(719,1210,413,'100004','1913-03-18'),
(720,1220,413,'100007','1913-01-28'),
(721,1230,413,'100001','1913-02-27'),
(722,1240,413,'100002','1913-04-04'),
(723,1250,413,'100005','1913-05-14'),
(724,3010,413,'100006','1913-11-16'),
(725,1210,413,'100001','1913-12-24'),
(726,1240,413,'100003','1913-08-01'),
(727,1230,413,'100001','1913-07-14'),
(728,1240,413,'100003','1913-05-16'),
(729,1240,413,'100001','1913-03-24'),
(730,1240,413,'100003','1913-01-05'),
(731,3010,413,'100001','1913-02-28'),
(732,3010,413,'100003','1913-04-09'),
(733,1210,413,'100001','1913-05-04'),
(734,1240,413,'100003','1913-11-24'),
(735,1230,413,'100001','1913-12-21'),
(736,1240,413,'100001','1913-08-29');

CREATE TABLE customer_score(
csid character(6) NOT NULL,
cid character(6),
[year] numeric(15,0) NOT NULL,
on_score numeric(15,0) DEFAULT 0,
off_score numeric(15,0) DEFAULT 0,
CONSTRAINT pk PRIMARY KEY(csid),
 FOREIGN KEY (cid) REFERENCES customer_info(cid) ON DELETE CASCADE ON UPDATE RESTRICT
) COLLATE utf8_bin  REUSE_OID ;

INSERT INTO
	customer_score (
		csid,
		cid,
		[year],
		on_score,
		off_score
	)
VALUES
('1'	,'100001'	,2012	,42	,111),
('2'	,'100002'	,2012	,12	,30),
('3'	,'100003'	,2012	,86	,128),
('4'	,'100004'	,2012	,0	,87),
('5'	,'100005'	,2012	,122	,56),
('6'	,'100006'	,2012	,98	,17),
('7'	,'100007'	,2012	,0	,0),
('8'	,'100008'	,2012	,56	,172),
('9'	,'100009'	,2012	,24	,45),
('10'	,'100010'	,2012	,0	,21),
('11'	,'100011'	,2012	,0	,39),
('12'	,'100001'	,2013	,58	,89),
('13'	,'100002'	,2013	,98	,40),
('14'	,'100003'	,2013	,402	,128),
('15'	,'100004'	,2013	,0	,74),
('16'	,'100005'	,2013	,356	,132),
('17'	,'100006'	,2013	,66	,12),
('18'	,'100007'	,2013	,0	,5),
('19'	,'100008'	,2013	,44	,98),
('20'	,'100009'	,2013	,2	,6),
('21'	,'100010'	,2013	,0	,0),
('22'	,'100011'	,2013	,0	,48);

